alpha_power,beta_power,theta_power,heart_rate,RMSSD,SDNN,LF_HF_ratio,stress
0.5207043197513334,0.48161633928546843,0.5358971450499347,81.91302072863446,26.741473212614423,51.2258219231053,1.429097904236951,False
0.4860281073928923,0.4984928567165259,0.505927988140772,77.41902162216084,26.47455044286757,51.6417943921339,1.632579664754219,True
0.5255730000438867,0.5304311019505439,0.5488518986938561,83.13184011774578,29.3726369139134,52.56192792965667,1.5937915537510654,True
0.4773094776414709,0.4998919238272829,0.5067405417725566,80.85937513612826,26.90088572818284,45.035337691315114,1.3989401780071087,False
0.49096688913232134,0.543247058619737,0.4988447459149788,76.62871123024118,28.304709744067445,49.07455163463254,1.5224216404290793,True
0.5285127151455815,0.5177196449207693,0.500960124471973,76.57848195878725,29.780396822249575,48.84493456486141,1.5861636124497944,False
0.476809706484336,0.5603061361629905,0.473455918579193,76.76755713613625,30.471623240013876,53.68694150746718,1.5131065186215849,False
0.5092189856262983,0.5204450209211787,0.49129176367434046,75.61192242958953,30.80319718589286,44.64240052419767,1.405449312005727,False
0.485209971960235,0.5062306306148934,0.5747899855229837,78.34507823744225,29.95771610156359,48.32773084067504,1.251219134346492,False
0.516823535791047,0.5314702767751067,0.4871178337662424,79.467561390443,27.6181924165454,53.2729412755579,1.5425444864184172,True
0.49297539875829993,0.4804807229263452,0.5209466994084077,77.48944613242521,24.21277066609243,46.74454842032661,1.5556553124533758,True
0.48609746921562613,0.5081137047733951,0.5395218219690298,74.57493265759949,24.78488027126205,51.445598185155475,1.490636381126083,True
0.46426089508392054,0.5059425428230356,0.5294529646097478,74.98037230416108,30.563287590007537,50.51551801938059,1.632864082824823,True
0.46822359434333144,0.5073001834796808,0.5006381473020819,77.84581882923455,26.61891789536748,45.10858026885458,1.4586384334370357,False
0.5443983241667008,0.4387479539472713,0.5767459785700476,80.26287398944072,26.620544451871652,51.80635496117745,1.4786543220649562,False
0.5643183226797598,0.5308746691197693,0.47588976296090807,80.39982570582615,25.57765614143844,55.961183335098326,1.3719544428997534,True
0.5147575751451952,0.5152182209332189,0.4796685389074368,78.0192668094328,26.14097827961518,43.6083005605784,1.4197175556049157,False
0.5151496183694138,0.4812554426691296,0.4825495725815407,78.21015648933954,31.95288116903097,50.130544005930396,1.3331400741121804,True
0.49655790675599304,0.46161269099792895,0.49389258919692913,77.49353483042997,29.168825960944968,51.38986559035432,1.7868403055666768,True
0.497766622527015,0.5448813293446755,0.5574209406160036,77.24293949362114,29.206374862164687,53.824625123836164,1.3130183660467836,True
0.4849472886924639,0.5074466175890101,0.5129012494157321,80.07931682178943,25.558575148171684,48.122968137511364,1.5309998983165556,True
0.5203879324680403,0.47665085823793063,0.5663156900477405,83.51455103038536,30.015027379673846,48.5440824938964,1.4960980480622457,True
0.5291471285286307,0.4789963755518248,0.4748237099798298,78.71774059233344,27.913046100372274,49.807435468674505,1.5418205755887973,False
0.5236125381122736,0.48359423176278826,0.5687282771777222,77.64579441902676,28.49300955686401,47.314790473170184,1.5455904195170702,True
0.452167170236169,0.5110601992661871,0.4685926705195418,80.0908632135322,26.556524893325495,49.863463264096275,1.54914294527202,False
0.4796923399908212,0.5350334618497942,0.5148209055884821,75.36605223973032,26.683767021849487,55.612895526115345,1.4711451304124294,True
0.5215262676738789,0.43403582130139756,0.48250767684293183,77.68215493708759,27.651291484194328,52.86590167471326,1.4902084753557097,False
0.47308236885542504,0.47244044160547405,0.5365628555509195,78.69964839379051,27.856801496283865,47.226602035611336,1.3454270213309267,False
0.5316140615610471,0.4577461611090932,0.5162989408710916,81.32909952586867,25.413454084257673,53.07112863832094,1.6278865813313392,True
0.5003777720234538,0.5100337036996108,0.47200196122780413,81.38011541048274,24.585284084814106,47.339957233149626,1.517775010626803,False
0.4966301585092751,0.4973079291713832,0.4825842965058583,79.66681339801035,29.738312128778546,53.66924920128598,1.5175286778933923,False
0.5059058370760737,0.4826932439143055,0.5314129490783647,69.38321336015505,24.461848190221765,50.16480233299955,1.4793388720303953,True
0.4925289188133086,0.4433137780716341,0.5194484130153157,76.83444464073334,29.443125010252288,50.31726137381444,1.3715415734300032,False
0.5244055165210901,0.4613011730077684,0.5179220020954958,84.18757475772944,25.521785848692197,46.90242828941738,1.547347189903523,True
0.4932961164402245,0.46333616573324166,0.47031115590288985,74.46288062652059,23.576276177340986,51.00517408725235,1.4219800870882537,True
0.4827254527806596,0.45707674693645856,0.5133380800466042,81.40131029060119,27.58137236084128,50.810172075174265,1.4781346722564963,False
0.48844753158751053,0.4953296829382376,0.5118741060031222,77.3889787494691,26.265739568578198,44.36022684458287,1.4290558997572453,True
0.5196966082590149,0.49566918764228174,0.4902550584947413,81.41963568338714,29.11538212145025,51.65975365995435,1.531318447386498,True
0.5347578673702221,0.49901740189352006,0.4583128259970921,71.63443530297421,28.99644349699357,51.791684654760154,1.4540909689781008,True
0.5020258461406377,0.4801212872316246,0.4992693622321705,77.3205477034505,30.7213171916773,51.10244499642291,1.4588573392883997,True
0.5188888652577084,0.5008926841848723,0.5096509341858804,78.06393494601582,24.993839396480364,50.90332201757523,1.613731454236473,False
0.47552569145103685,0.4377982930277555,0.5084357427190813,76.89952676455594,27.848097952714955,51.74607970125418,1.560824619168497,True
0.46992411906086573,0.4828776111875157,0.4222687312356527,75.98813937277006,28.52250106246771,48.46041090645981,1.4834368589682367,False
0.4933709120140033,0.5432035164634842,0.5176573521326183,78.26874204376574,29.774581674533483,49.2234367988905,1.366327456112407,False
0.5246618047998347,0.4923506834773743,0.5415281845553156,75.00209330311527,26.378284977579323,52.544522638000004,1.4610076293440555,True
0.5289012838773297,0.47861462651968506,0.5306771129602892,81.89098363968333,31.161081373136746,51.38961887629737,1.3845637331767016,True
0.4657108910650813,0.49445293590671036,0.5409242128992153,78.5387453458188,28.975744569742147,53.98679995860623,1.5437313187038961,True
0.4027619797979278,0.5768025361480639,0.516162679773391,78.22630091670477,30.471564383644306,52.6860662922878,1.4095385625006234,False
0.5555683455352681,0.4501543981319312,0.4499424777836723,72.69468190331145,26.052907600591062,47.220856610055385,1.4341751587666152,True
0.47722602015338905,0.5204567446887893,0.5222628611602792,77.92078272912322,28.065593990823174,41.757485471824296,1.610590042435731,False
0.46307407050698135,0.4611476368380915,0.521035182269327,74.79740125723718,25.06494946849512,51.193781149840426,1.4732358909101206,True
0.4628655350351945,0.5183175723585147,0.5287010695038376,80.28016789106881,26.037668937720635,46.87386676327069,1.5876455645502936,False
0.49375633248928175,0.5128885465739775,0.5116573581359289,72.37448259106277,31.477799327595157,51.7850883975067,1.6418531345148037,False
0.463574341616368,0.543601534313531,0.44073600300938387,79.32582194870822,29.337483311185025,55.11231654876647,1.5475167746495382,False
0.4688826153702063,0.5539305958054856,0.561845107299092,77.92043622225282,27.442074139336384,50.773257620428254,1.5815501022444263,False
0.4978151326202938,0.4887553757735121,0.4932610055000893,78.60347896761851,27.46669534153117,45.39328363037868,1.589369768938911,True
0.5088836083119372,0.49190375194119884,0.5023590557094827,79.85746278301559,29.340961234482425,48.17989911570411,1.6041724664058852,True
0.5107336208104485,0.4843183093844288,0.5037567350794372,79.05189029782068,31.608696219573485,51.16042556206761,1.5185175536829914,True
0.4733145671112343,0.5373825557749289,0.5227678576936029,77.28320370249092,29.974669033178202,47.909684544711276,1.4054253939303218,True
0.5094274199778582,0.4706733426560435,0.4854834249783704,79.89243505366433,23.992275271186493,43.342098881757394,1.2167844401889432,True
0.499595083257862,0.4980176060405805,0.5119766936781583,78.96950314255434,28.95271553871244,51.666537939026746,1.5453508712554467,True
0.5200901764649012,0.4678974570102154,0.48045929318624514,76.8911689918691,28.52697443066212,46.556925830553,1.385899149024726,False
0.5193612784875544,0.5358513988677452,0.468655724179369,84.22224800924992,24.937784994888556,50.27525745334512,1.32239882459516,False
0.5475805044843606,0.5114059355301789,0.5212432603006577,73.485838877907,30.388218806094745,46.39039743383257,1.284761645539082,False
0.534066969205418,0.4970986066438882,0.4792128440661228,77.6388565081392,29.209030652710734,54.597103174034345,1.382195913262362,True
0.5309299856748785,0.5101280798622561,0.4834908453846374,77.32056332429542,25.308258153053572,47.3951218043709,1.673493657583681,True
0.5176057128140081,0.5477955987991819,0.5490029459690329,83.61989332865264,28.044931785624094,51.22928838787849,1.4860602799336766,True
0.5432381986719834,0.5212325580636643,0.5327393036178281,78.13080733911737,28.695352967076673,49.38242170735898,1.4784332362452368,False
0.5059717908672041,0.4781858847252539,0.5695798861994508,76.16469272728415,29.358746565913005,49.23146074251386,1.6170198709196604,False
0.4748083447345767,0.5758079727762087,0.5203377761401781,80.89455489929237,26.07248214757878,43.285306300025084,1.7165056067806603,False
0.5406872008571246,0.48775773880935347,0.46640990316121567,77.15601732864536,26.834482684776837,48.77569748251934,1.532159321133924,True
0.47482347430332084,0.4853718132778252,0.4992333778702566,80.74075387869975,27.047558252910683,42.092756782949365,1.4444453220513134,True
0.4823190572916737,0.5081473651158612,0.4998178726538032,77.51960161330008,28.170636285130048,48.7610065335697,1.6276965386088187,False
0.46766765666212085,0.5104274511608501,0.49558993995114536,80.42417339484344,26.79915286852259,54.02442774659264,1.6249618905296668,True
0.5176495161945373,0.5137754023768532,0.5152397398073764,75.74353078322825,27.496922227911007,46.11165000725032,1.4788333018068822,False
0.48131901440538216,0.4501711719945203,0.4354132822114255,82.02135133806944,30.844739723397016,50.544279860341916,1.4711961126077924,False
0.5061039090760167,0.4985686593157406,0.4880109144315619,80.58718041714828,26.466686824433303,50.86617098847507,1.4935815838711182,False
0.5020568892441808,0.5458865095838185,0.5126576226270585,75.46093003502737,28.03923331538798,51.389554385802754,1.496242935502052,True
0.5738972633745586,0.4662353285810487,0.5148704566391782,77.76648840896159,25.995625088437055,49.980436054311625,1.3790523064581195,True
0.5115595213918651,0.4907136068205803,0.513214242138812,83.81678699717486,26.67603564440678,54.29410034549355,1.3119989966092236,True
0.46493965887141403,0.5217729987169608,0.49827143608899244,75.74462684971445,26.011301250782974,50.24598666924068,1.4244208499841637,True
0.5006301152489828,0.45543318880889083,0.46064491302949523,75.32642332375414,28.843173221228913,52.4424552863548,1.5416446038101452,False
0.4625665045410545,0.47890470724622336,0.4575885650928506,75.47026021405142,30.38501502495595,52.46103203783737,1.694121743646375,False
0.4544189010213796,0.4715180333350417,0.5368300697741988,79.53360779857495,25.49521311117376,49.77815730317482,1.5367619840209712,False
0.517296708891673,0.48643081042252767,0.49637155554176654,81.37233815995805,27.53826725231046,53.791120032964,1.59778155496862,False
0.5342846844354506,0.5144302769521014,0.506032971401449,76.72092721138337,22.87533268240938,51.37184121384573,1.6048707126416564,True
0.4379767369988037,0.5195060353387598,0.5054306467611112,78.80738082373531,25.415474609788763,51.92143938560247,1.514098269961206,False
0.556585577036316,0.4767863240268928,0.5183832171518771,78.36801094798439,26.19875853070426,48.185766006385364,1.3706858456241353,True
0.4820182206366793,0.48407393681239036,0.4853626577556289,82.8467484706447,26.085698170209913,43.6378995420948,1.6190548594343597,False
0.47854088872220096,0.48380720959071916,0.5289163735038472,79.10186194020402,24.266920097278767,47.77254730238485,1.5779349003905332,True
0.5156582469685069,0.49307196409373966,0.5478351518967491,81.56215815469426,27.793490479701905,50.04685500184881,1.488933463144267,True
0.4965305515283528,0.5158941253374585,0.5323604250029389,82.9837776436436,26.951823204130815,49.34894884872689,1.4413468730436065,True
0.4903381545138297,0.5021995390156521,0.46317176554589023,79.27079719678038,31.098040302990373,52.82393174230245,1.39788375424397,True
0.5257297886960606,0.4808783861808045,0.5162438818461437,74.41908950473056,29.367138646400957,46.68541162081244,1.5428316692375237,False
0.5083007239799006,0.4577746491584654,0.4773810623339997,82.84612706840832,26.329714196739953,46.97433594777138,1.3997782981073275,True
0.49322671098540394,0.516300805771398,0.48278899988184265,79.74629311040584,28.554753875916383,58.95577700781023,1.4536838637914602,True
0.5034055203575375,0.5053310300279976,0.5040062271434684,73.7810476089845,24.548386542418807,52.623551222397566,1.413829692974374,False
0.5022228434125933,0.4849383732694217,0.508477398514649,73.49108901481453,27.26094614233328,54.41801202725294,1.5889037122279892,False
0.48445189345179057,0.5681207857341318,0.5623024395068252,78.18503954954392,23.407638093725524,53.670706647255884,1.3882813538292997,True
0.5436060223147196,0.5525681133027087,0.4970498111961575,82.56394815576735,28.369481157791448,45.30559168591383,1.4498597853114363,True
0.49017013560206696,0.5100098631586084,0.501558376574219,80.71180452325859,25.72233376443846,50.17406820442518,1.5419609972024118,True
0.5149399487373635,0.4760510826638464,0.5513512544042704,77.3552369091338,26.903425407018798,51.375160110654456,1.3804706236400754,False
0.5093375046363061,0.4272836202011313,0.5125859733172108,80.84257938636857,30.906521326642068,47.46105206760279,1.2894353058159675,False
0.5237309584112914,0.47628576633664066,0.5331657779887395,78.3398112316133,32.82523084322583,52.11351961947417,1.4516438516153463,True
0.5562851251764765,0.4892212372763882,0.5468453359018056,79.27218313339228,26.15153371146339,54.16501333462534,1.5078143062969647,False
0.5154135785273662,0.552643825459531,0.48011297247347157,83.69964580468564,28.71122669757132,50.07170912985487,1.583019181186261,True
0.49585207096486444,0.5572824992141039,0.527739010487383,76.3464428510144,27.710962658568963,52.90455398159858,1.41396149892205,True
0.5459821673900773,0.454527676550083,0.5173787449880326,80.43242481947935,25.294659428312933,51.45162995356412,1.331265565288929,False
0.5029123264804413,0.5021469871165818,0.4978519622175781,74.78358296404318,28.65348952920464,53.71231440405242,1.3182020774612846,True
0.5464980321505262,0.4503542998440269,0.5289226150486507,76.78905461027401,26.8527964542062,53.21462945670466,1.5443002130447376,True
0.4780890010484859,0.5058753576529305,0.483275246449765,77.32960205288444,26.630740348479993,53.69262353946421,1.458209045423411,True
0.5261696191016203,0.48447166102891487,0.4799278178402025,76.3134959202651,27.28046270842183,47.19048087563121,1.4720189657622993,False
0.4952018441010972,0.5356704959332266,0.5227746548090794,80.75746252083,25.26808857759893,50.661624281041604,1.5077156496217716,False
0.44723781540730656,0.4980274921678104,0.49169560100333237,83.87504236266179,27.33184553804012,52.95634905684565,1.6101322957735762,False
0.4819488016331181,0.5191577737633212,0.49227870387729966,78.42265874073361,29.61424519327462,51.420896230434366,1.251167264658701,True
0.5225579909806032,0.5067165207283739,0.5315196318802283,81.44533712759026,27.61794447479966,54.3674669664403,1.6655407113088296,True
0.5187700204329502,0.5216501619212971,0.5053968245346043,79.21119027100983,27.619921929997012,52.03742832631458,1.5978422112028035,True
0.5077964838274527,0.4926277080774217,0.4948078452714839,74.81281941555936,27.55359549073039,46.731100887972836,1.5432262950634155,True
0.5286200529047961,0.4836524273957315,0.4784477820329241,71.4819913619579,29.76466612464682,51.49959237122111,1.6667224111551138,True
0.5204585891388489,0.5080115079760777,0.4680465901077388,71.54455379601208,29.677881000939223,51.44620018200616,1.494609515099426,False
0.4692683707599713,0.4971182030082605,0.472379792207619,73.1941025643085,25.857892640701902,48.105266812504006,1.6172756845267444,False
0.5052373343849552,0.4626603589006575,0.4683975331047903,82.87403537540868,29.276783851216766,43.38330182870279,1.5572390311175677,True
0.4957286154493612,0.5223876069808167,0.5450400095586646,74.61969759327059,29.65946483575835,46.609791982878924,1.5126177903661968,False
0.49443023070008546,0.5622620239593632,0.41454372138109774,75.75836496255653,27.725256423201206,50.25706148421008,1.4667139595617489,True
0.4854390935651269,0.4890916336335843,0.4749395884022073,80.12835545141712,32.19944357833303,48.22293213304384,1.4264696539318047,True
0.4926383565199139,0.42047090574820967,0.5178426302499586,80.52186007951366,27.531960281786038,51.65689981303857,1.490337632998511,True
0.4867986653990905,0.48119098826636697,0.477934101722307,78.36961442035346,26.991640337984656,48.450711068337284,1.5231445922525573,False
0.5018069062982308,0.5083990587895946,0.5261020319206626,80.64932933144148,28.081838350791443,49.395525398157446,1.4699140252859173,True
0.47416147396015207,0.47954047256006604,0.5055365390959111,80.1249115416032,30.887264006937627,49.36337309029655,1.446468328743234,False
0.45609455155603645,0.4846995080343576,0.4975785025967425,74.97080788587019,27.84847142692908,43.259331998046186,1.627946493165775,True
0.48339052083958456,0.5170930184069661,0.5386925826224823,81.16817042719815,28.99937022060587,53.40686044154883,1.50188190497406,False
0.5309739578165344,0.5316092538982352,0.5112216970954272,72.50810130943063,27.97582210430789,49.547486865299916,1.605811832508715,False
0.4861808368712064,0.5173121638154162,0.5195696863524026,75.00484368243512,28.000414129836393,45.867147497737285,1.6159074064955898,True
0.45161852386431045,0.5222979228206814,0.512413972923545,79.84610245203916,27.637551653563794,54.4449902073878,1.5695202900084,True
0.47133378678198723,0.512763726853549,0.488815005437247,73.8611455056332,31.438755812414595,53.8170605003203,1.2396862912172701,False
0.46039300378938075,0.5320002406876746,0.5604016174257986,76.69084232842029,25.00694148981984,52.30462164989521,1.4926027136405622,False
0.49289544179779976,0.5045090528438563,0.5083698248667141,78.5714990393372,27.867734770748356,52.655694448966976,1.4475551863737348,True
0.5121494513288287,0.45780016709455335,0.4533231306138912,81.00313827770142,29.843300223848917,49.386586337041635,1.3142098548601713,True
0.5275358584116433,0.45944946183151,0.5250058688482677,80.03362595859272,31.022309860494694,54.71905917564457,1.5298158465990526,False
0.5450707115628808,0.5132004335015999,0.49498634858640767,85.9330300410511,28.450615844081884,52.62814037758938,1.7272434720446883,False
0.4924229554582052,0.5344781997885703,0.5050808247210823,77.26181253561015,29.3604322109009,50.759495714113946,1.5665416823691778,False
0.5097249905746533,0.5024685196782627,0.4817146339352215,77.36660928351692,26.883396492107938,51.181391894648755,1.612185785623047,False
0.5329633055596157,0.48680806825177475,0.5245329889760086,78.44037903595665,31.590422711824644,48.09332647578679,1.5449473912832308,False
0.4775454039033034,0.5083706457731102,0.5278352038424371,76.37197860079793,28.542990621651295,55.54582649988923,1.485297457656915,False
0.5244052890800192,0.5058966432953472,0.5167343091905559,80.69051794759659,28.995486178182787,49.036271701646264,1.3985240506814147,False
0.5264491927084836,0.500806575169836,0.5378775231028154,79.29576763402183,24.160653687604686,57.23503002673526,1.3402400830404568,False
0.4572575544135963,0.5171179600577948,0.5642681107583559,75.12168228982956,25.382359201761776,49.05941094148281,1.6153900734255746,True
0.4579444681162316,0.5403626013846493,0.4657098526180855,75.99556774338302,27.474218341583466,54.23137743561051,1.4641970620253013,True
0.4994446059202283,0.47502933280687315,0.4836126665524255,82.17739590019299,27.261445721507595,47.84624332775719,1.507857702971915,False
0.5213484463426667,0.49076665295141,0.5398458242554718,83.19754499845527,29.63755528750972,48.39399473895133,1.4325065981209448,False
0.4856247728646413,0.5086932457068923,0.5231509613194504,77.93589811695469,29.701795924335944,46.958312143122384,1.5317453261250176,True
0.49609570836896943,0.5319644112519606,0.4943908609104366,75.03846141854645,25.79969153405661,44.21698226196317,1.732004072201726,False
0.563991001239688,0.5167937134379312,0.4764203161847615,78.24731925880351,27.071191475381223,48.538391236415215,1.3438506777558141,False
0.478569457459209,0.5017765530204347,0.530294512680279,77.11379576958291,26.767277183921045,52.56357568119985,1.3368724184539054,True
0.498214239318146,0.5036602944393609,0.5022801617423723,80.22638247321568,28.808589509923394,47.58705272102002,1.5046002747253273,False
0.5090464202700083,0.5038766354592569,0.5109488300739867,87.57932270353459,26.97357286705683,52.00502146615424,1.5251473608940511,True
0.5194306561430208,0.4580429727854258,0.5017889110976053,75.54540334973308,26.415160158000077,49.006074850450034,1.4586394466578356,True
0.5123879436282688,0.5295296719542976,0.48835469544376314,77.90031002806661,28.014126317256352,56.6563407003444,1.5502784426895193,False
0.46813088858821683,0.4952597630426303,0.5484113380717595,76.06935050304762,29.34572247193364,50.59187679689362,1.3268798696555075,True
0.49428983965749174,0.5192252858380103,0.5362509869177943,75.35437604631684,27.440479663008333,46.27471827355512,1.4951911492669228,False
0.4668099507798191,0.5261337411029507,0.5344629710111631,70.72727921918117,28.78092969985778,47.22372612182124,1.4906613141100051,True
0.47075954989318036,0.4827901397935929,0.4250178285537928,81.9513452020196,25.777084086125935,46.473216183125444,1.439349661178426,True
0.5353832036216386,0.5414647697311258,0.48904035346063673,77.73491112238399,27.83312406041928,51.52480591902377,1.6972542176789809,False
0.5019284005728639,0.5005530179919618,0.5013143441593733,76.39210966465785,30.839206009027276,53.03438910622507,1.4153149033874635,True
0.5046117531783658,0.4624665927084409,0.5165746986325145,75.96676508842545,28.038295554831503,46.06334241970578,1.3116849791941416,True
0.5154510580162598,0.4615871194251115,0.4789402493657973,80.0177211036082,30.96823205707193,50.43466349929067,1.4227340554729175,True
0.5221539973998623,0.5250707633619542,0.5505178307437361,77.91745528484809,26.610573737821884,47.87126043575248,1.5610216169589222,True
0.5274620635310622,0.4862191730137927,0.5309085036209553,78.52932466583168,26.983719604705378,46.042258416203694,1.4943411511100104,True
0.5155803954272352,0.506087690625539,0.49954070452481014,77.59707377558836,25.941256983635856,48.406357116177205,1.3846667596794255,False
0.4654701926773309,0.4511737268635051,0.501140104345046,83.65375891780383,31.601022363021706,51.26028347135552,1.5190423889925058,True
0.4439820442222476,0.4486949482203012,0.5092946213068108,77.22135996724825,26.704916388729682,48.482759887214186,1.5757495149337486,True
0.47593168192335145,0.5406691357641485,0.4958123111553448,75.60242398004924,30.25086956882954,46.43100002272892,1.6070610559979186,True
0.47523508409622467,0.5465150147844223,0.4815979200937718,74.56882137803801,29.00133144276242,55.71240976871902,1.3634175844584562,False
0.542083829328083,0.556460734894251,0.5191619066608756,80.7576868037256,27.96147924053121,50.251479883788086,1.5491207665411997,True
0.48040012302278867,0.4773385120294003,0.47690080306824073,79.50328250981954,25.33937274852202,46.54695774914148,1.4266843802890004,True
0.527938403573486,0.487643691016326,0.47985129896185846,79.10209652044854,26.361484280557004,51.60388725836731,1.4143227906173208,True
0.4884405920941472,0.5186201629265204,0.490726506073925,75.92273706037844,28.9251825857079,51.438324554258195,1.5554057771115908,False
0.4935965854486446,0.4840700913499455,0.4932570379432195,79.28158308561505,27.21597472016174,48.382631890553064,1.4863004510557543,False
0.4993729521810756,0.4869651131770305,0.5160952953071121,72.59058097123217,31.991334979567927,49.71360725873278,1.6100821398422605,False
0.4754533795029958,0.5689669437085775,0.49788503665822725,77.32543205457577,28.915545732303773,49.85330844957768,1.3451039474946525,False
0.5108418681652525,0.5005525513756865,0.4985923826336245,80.38279403886548,29.93079496918234,50.11471398488008,1.37306695034533,True
0.4917484490854507,0.5038431324473237,0.5358989445993695,79.78067016684258,30.145956095532025,44.26323507374067,1.4908600442490885,False
0.5549437629756306,0.5350788677133702,0.5040960599324821,77.67117058822251,26.699952131186205,50.646189516368864,1.492433439567417,False
0.45763088895994125,0.5225416137011537,0.5127249783920574,83.56227769900256,25.521483210293056,47.44578069721906,1.555174079991092,True
0.4626278366386404,0.5184780682083279,0.5095934580242761,73.96206095925976,25.27365199081438,49.5965096467948,1.4382358323066304,True
0.4804519895718255,0.4489224918728648,0.5773912801296296,77.09046065149717,29.785194676598618,47.36055693949384,1.6911419087139723,True
0.509937902942107,0.5118335642713489,0.516308004637833,82.47806570687857,28.52512265800385,50.983463518529256,1.3797850473923912,True
0.45859695625355323,0.5212506934189806,0.5482203672805998,79.4030795152963,29.65209434288301,49.31135403391896,1.3723695583461664,False
0.5144741724572955,0.5146812368368375,0.45288498189130466,78.97307784516481,30.74569694935306,52.195612112864886,1.4669210775672443,True
0.518350288665226,0.5076326252990364,0.5078202129747172,75.51935893788043,27.392547942446672,51.16884253211271,1.4216246478875572,True
0.5073106163447574,0.5202445847649981,0.5000913806046025,72.35445286350708,28.84194588877878,45.450072351737624,1.4757318723187967,False
0.5248154974710807,0.47666549937227376,0.49157974769399676,77.03303859236598,32.179077443389545,44.11212292498226,1.4247564762646965,True
0.48592473043685885,0.5194612966276893,0.5055404091759472,76.88996691035362,25.10070956060294,61.77871311930898,1.3614012057601002,False
0.45733238871206977,0.4652490593242237,0.5279777249561927,79.53925626029188,29.719175773959606,47.11986111416161,1.4484781606191757,False
0.491029779486024,0.523125955816609,0.48715654517102264,81.49421806337152,30.407768874337634,52.99057632039742,1.5553040085852359,True
0.518311107963004,0.48613174133884873,0.47732764521521465,73.45885682216152,28.50040041250339,46.98783620947397,1.3974247316359723,False
0.512383427808095,0.5031929068307569,0.5731925721901782,77.93139581310335,25.969811616344263,45.898586580619266,1.3248171193248282,True
0.49656380464242145,0.5361952689952507,0.5360124172383327,79.68275834382372,28.414534658797887,49.137657441798936,1.7271449745422796,False
0.453480097068016,0.4492260611085554,0.5096407164635082,79.45419845188343,28.876951477619453,50.889726635422285,1.491076584577855,True
0.4842273493495772,0.5313248263120721,0.48182855230989985,76.22260722254131,27.902695296859097,51.37305975816066,1.6026986263319731,False
0.48014640605694836,0.5499642333338773,0.5170694923755582,80.85092277592072,27.185927374146438,54.662481262144325,1.5184710474781082,True
0.46450224462002676,0.48334401419920403,0.5092222009342731,74.31135121664275,29.1292118517872,52.60746377749069,1.5466545311450126,False
0.4689427303274188,0.5137025965746135,0.5114347515464833,87.41324560097998,28.478809001070754,49.29033413834316,1.4623699275075004,False
0.5023210492294286,0.4925846785243821,0.4830725720402783,81.56674011442392,27.013754355200454,50.21611058385123,1.5496199187363315,False
0.5035198214992634,0.4907248362959408,0.4730459605462689,73.24759217098352,34.21983711201072,44.67126099960065,1.6061370964873134,False
0.4905419226607896,0.4988709589272545,0.49115150965123916,76.39401544213823,27.059915704480996,51.10294787897426,1.5735621997245746,True
0.5102345592444993,0.4888567740201263,0.49812220616301434,75.23276944650449,28.30351598449748,48.38347443142179,1.5776027913843476,True
0.49340984336487465,0.5101548922248325,0.4895404359677642,78.60170759169283,28.001055917713195,51.11631641782059,1.6200531658473873,True
0.5391643642146299,0.5309553361840591,0.5003105785953014,77.1944080562825,29.331848504108923,55.4976711304376,1.4638537233306015,False
0.5120513516629682,0.5538763301928656,0.47080793177355335,72.75440408028545,30.22537674997985,52.04407853132884,1.364455249688771,False
0.5096815568101427,0.48343330867157086,0.45563265293677613,78.86608088783957,24.447529534203362,53.53917562508213,1.54581681147887,False
0.48198083930243585,0.5077916750516445,0.5184055391819125,76.53345173464118,28.41931883054925,56.169630694488625,1.4490193306809118,True
0.4826928903301279,0.5332611074174872,0.4773974638896145,77.95664318736516,30.070498669447506,51.148966954222786,1.5139060398653417,False
0.4934695639031834,0.49439385067515923,0.49924919123764566,76.55081684494968,27.358664748885616,49.64970225261426,1.38181258745792,False
0.5029302829564649,0.5197563281801849,0.4867015324642547,74.7271007093544,25.766951120102682,51.60445200903773,1.5400481386506328,False
0.4929758912915246,0.48538623848705914,0.5118045615626525,76.64031585201818,28.426587414745878,47.523768410063134,1.3664518430900108,True
0.5039222173185828,0.5543734567399079,0.5370827952563131,79.6544561281214,27.83695465379671,49.410600249715706,1.564648953772577,False
0.4633746905008693,0.5014219601394925,0.547219602898701,73.21589079819961,33.51932007782216,49.11473025728628,1.5446872500802697,True
0.5069614981207291,0.5147735379202445,0.4554530609465029,74.91697457722212,30.19430542350739,46.70809241710147,1.6628468554772322,False
0.4545442681340434,0.5252193064696618,0.4959794849998125,79.96770232958929,26.428027934730036,45.89505488350157,1.5052258490497483,False
0.5087921741989604,0.5772007940974958,0.549260454804091,79.01545153038508,25.479670469654838,48.026496338443586,1.3961456179156029,True
0.4879633858434249,0.4883689532019205,0.4952441128091909,73.01252403589298,31.067455419833,49.07657458658335,1.6953259137526568,False
0.4586699189612873,0.45330112479428286,0.5014658021097711,79.22945597078554,26.087127246363984,50.74792578692519,1.4047683619261202,True
0.4608659149848544,0.5553991098814299,0.5119906385525792,79.86471566956816,26.994050458897313,50.97217108466468,1.56954024745503,False
0.5243858635651688,0.5008495512839138,0.508021769422157,81.2280214157958,29.30090018507228,48.92111098264261,1.3846649489404041,False
0.4696150663899673,0.5150275156287314,0.4804574598915666,82.54034922972639,27.47097031737878,50.25767901887999,1.3480653924523158,True
0.4784466733624269,0.4808678004724605,0.45899363904753737,80.90837160158021,29.386957823827988,48.176374217972544,1.567893129005928,False
0.5443368213422455,0.5189834559831885,0.49035094846347854,74.95253454306481,25.112290367732918,49.84063804094736,1.3032930296412848,True
0.4762138150321297,0.5335188749476438,0.4471771172253255,82.12331427951246,30.974492310671856,55.24208959374668,1.7052972024501662,False
0.5107104645789514,0.46756830378775216,0.502454880756427,78.63958988471306,26.339111186886868,49.90568248887567,1.3792978352142784,False
0.6155819447196417,0.5508936910487011,0.5524873022956082,75.07641208598808,27.99858281084671,54.69024007649632,1.545122531931851,True
0.5461410969939791,0.5502931193682585,0.5143112248166937,74.23713173049225,30.472261443612435,45.654225756099365,1.6702514658129606,True
0.48199349368523614,0.49257444093345487,0.5117995351818312,77.88888960885477,25.70241192968269,49.27550766238766,1.5134296497247792,False
0.5488584663671388,0.4693630154860786,0.49253926621449357,78.76121898448372,27.737054808656666,48.188058122092315,1.5573744421004414,False
0.49811962708180485,0.4927629182643101,0.5092649903779689,72.68090259537935,26.167616169037515,53.61798354964045,1.4522354417395995,False
0.5380073344755987,0.5147995370264267,0.5501771716051311,77.58765445611692,29.7737747801946,50.58507495208438,1.4118931663338707,False
0.4621734813699486,0.47230300261667285,0.5099264069664338,69.89030312100229,27.744901759244932,55.26642709494647,1.5603247500571393,False
0.5103085486870539,0.5111343762011392,0.5442962104917769,80.29824083515408,27.344210566974166,53.06414988628819,1.542548993324023,True
0.5184250010013027,0.4797082309382219,0.5500971351305421,77.40798473907802,26.473427791642838,51.05751490507064,1.4588176631036343,False
0.5292535920025325,0.4989594533783966,0.5044600237160634,76.16268787607869,29.780766327039572,49.269848061874946,1.6399594645145794,False
0.5473763844652217,0.4822281822728339,0.5268557966008319,80.08916234237014,28.00241095072445,58.84728327592617,1.5486036289417637,True
0.4929623859987456,0.5113190147913456,0.5103946542769398,75.8159911763126,29.63577931605006,48.52429265748138,1.5579857285295131,True
0.4873806403170392,0.4723350402746712,0.41311233865418934,82.12462925744455,26.195896891284978,51.85913433789841,1.5855555659020713,True
0.46626073724486394,0.5065745098299181,0.5166869002820198,84.6939004385779,31.075863836825107,51.07536085462886,1.4596924010934968,False
0.47304755985954927,0.5246144654359209,0.5137991642881735,79.6388527440111,24.307624275523814,50.42377142026239,1.3423003517809002,False
0.4997608207605015,0.5062514842384266,0.48344425562322657,80.40122857568305,27.972324507811525,54.54918216576072,1.467298268239023,False
0.5055002601721506,0.506713638549167,0.5311971406218823,77.37233437876641,25.347904627835923,47.99666133059334,1.4035462205089808,False
0.46755355989156816,0.5263208687172701,0.4471757356405767,79.54853486134488,27.909177564135522,50.28011712282996,1.566492716230174,False
0.5348949125646488,0.5189722321716657,0.4672306170598226,76.13205191479665,26.648583841676775,49.46967751065265,1.588140752892357,False
0.5151213954655354,0.5433129381221978,0.5780504934254118,76.03870098405353,26.568480021778498,54.56301868147814,1.443939236315269,False
0.47681524356387284,0.5034268294598612,0.47979528127268395,78.99594099170704,27.12656052791881,51.87652405049311,1.3343376792322226,True
0.5188503652779284,0.49154646173418476,0.5179978618998862,78.05654886883454,29.69820422148629,48.900478938895844,1.5834751326324883,False
0.5301059869367607,0.4697574106724779,0.5348248036213555,79.5478176531123,27.73144167562739,51.95340872547097,1.5018401630783438,True
0.4831945687940909,0.4845186581534788,0.5297612704860957,77.81801755855614,26.003878745371175,58.07910099194149,1.4062074423463602,False
0.5456937223180898,0.46995139970315253,0.5462632985770363,79.05434462262475,25.486986211441486,47.144244619933296,1.5511499575361862,False
0.48301106811191685,0.49622639239701055,0.4773717244994193,81.84304908520534,30.228643389337744,52.09370981761708,1.631830232485267,True
0.5055390157559692,0.4549057114064568,0.5037672936041463,79.35711538874921,28.487906395817,48.04373333422082,1.4397179344216038,True
0.5923664242536572,0.4524829152954283,0.473375234665937,75.68136699652918,25.322788400553502,51.63043813601028,1.6153590343316926,False
0.5256919638297042,0.5347798941009274,0.45997923515245387,76.57528903013242,28.924345332163885,49.26775857897739,1.571232215958016,True
0.47697957311335853,0.5538367359055336,0.493720289685444,82.18705143236987,30.896998459785852,47.2709497490545,1.3975971409113621,False
0.5107133771453524,0.487541362582976,0.48952226887044714,81.44591204828615,29.20241349785823,51.16747758700379,1.5140359869848048,True
0.48409227144882677,0.49753546464822296,0.5169652893689464,76.21301611786953,29.36410413142524,47.153250437525486,1.2070551309997732,False
0.5214200148227628,0.5213899529051716,0.5282231356396465,81.5630381653847,31.06686740259265,50.94846787154833,1.6330574904039041,True
0.5051954277755355,0.5177930377390515,0.45221018799404994,78.37913873863924,28.379412335220792,51.001579899705604,1.346495975246764,True
0.518685497970425,0.5013930964446844,0.4772961473429162,79.34315077743084,30.680922103580695,52.2517375025653,1.2467753914780315,False
0.5121215257044361,0.556303874376742,0.4688028221862341,75.14001417522387,31.285345906511928,49.44642392703245,1.5361417317273103,True
0.5410062280233358,0.48042128062092826,0.5004406458418759,78.58420858415633,25.23791079369245,55.961827997692424,1.39393949336034,False
0.4753333881330071,0.498516088710427,0.5048172194314959,77.61438746568321,29.39765684040507,50.88687346624128,1.5706078913815131,False
0.5383299468736528,0.5066640131490114,0.5008454347210739,78.80137995303446,29.213446118272365,49.758200752109715,1.5532006198821944,False
0.4751830716934303,0.5189879545326653,0.5055007975933746,78.78096551631366,28.817305622961342,50.58232289286007,1.4020278775283193,False
0.44143736601432493,0.5324234217666386,0.46006301139326666,73.6273455016052,28.924121786503793,48.94423604655047,1.6503419828429,False
0.5029098789497816,0.4844813464969888,0.5016994977469132,77.60622909872309,28.879002461240454,49.16334981754773,1.5196131459023907,False
0.46787322505816664,0.4842643920116068,0.5275494981800694,75.28889441780962,27.639216636475183,49.011656640958726,1.389633017146963,True
0.4840849655716842,0.4987952614806697,0.4641235081389445,77.41527515894195,29.36665798562214,44.53819009835445,1.4545452281256557,False
0.48410719388698886,0.5249100744963273,0.4922287356253789,75.51722933805384,27.093503181953974,47.59988430680706,1.3048898135961375,True
0.5205878057112354,0.4595544373368286,0.519013306427963,80.21643144266251,29.488383942999874,46.8232772388302,1.6370536143996715,True
0.473484276913966,0.5097839906672635,0.4994108660321996,74.99900602618328,28.85177441238607,53.245300183018486,1.571271202886133,True
0.4920602950028613,0.5280703517944239,0.4703422667854725,80.99493269444388,32.047212438459276,50.28603259832393,1.597531245847798,True
0.4718652488025463,0.5181802985403692,0.5012177507361165,77.27622703614438,28.944812555760755,53.135265422254264,1.4323004861541468,True
0.5559732353343427,0.5004178787573884,0.4793554896446683,78.50538292880884,27.249607239352127,46.72419829881406,1.3762573361777428,True
0.43882303466719697,0.5564347120832177,0.5244721163761789,79.49009766970957,25.96067132261577,48.63338142192839,1.6346225756202748,False
0.5465345592656757,0.5182368952914962,0.5017103937469125,75.63664874427528,29.102952550479046,49.47330816350235,1.5840734482129548,False
0.5020940625497006,0.4977669971269986,0.5057614734947009,76.71209332644823,29.332625001818425,49.814707400419614,1.5079597862376037,False
0.5292663538136708,0.4873704655753921,0.48888157003741683,77.18662919687229,28.38717982273509,52.77281041861349,1.4604319288243737,True
0.5102526792733147,0.5175178455597789,0.539052238681964,75.57118944023506,27.539198571588464,48.421256430447734,1.4183782755458034,False
0.484895730376514,0.5328257455541284,0.5098628723091044,80.55832102536665,29.43637145141587,48.56152109780227,1.458850685543782,True
0.50174626155338,0.527720810576207,0.5067174240219399,79.54172354897675,26.71702618191138,51.86620997091815,1.4627680947062076,True
0.49892521882670143,0.5098078212129249,0.5023046567318077,78.88067379649989,28.177315181922875,49.10097005597964,1.5202328796422802,True
0.5469393096744202,0.49342698413573405,0.46151023327434293,73.93025458612979,28.39463141481119,49.849386148874764,1.6631856899089108,True
0.5010579065591518,0.5398745759039729,0.46327105291131904,78.85666222457297,29.485364836719445,48.1742308302809,1.6897288694773112,False
0.457095758661181,0.5531240190690653,0.47288277075605634,77.47234256270299,28.639303651837956,51.3642227364234,1.4621992100981782,False
0.5068237980381238,0.48992645902129617,0.49107309489920026,78.07265837001827,28.329521682473032,55.42791904919933,1.5846770775216494,True
0.4753795304494487,0.4836972568659871,0.45063803759129323,76.1765340387167,30.280298077042534,47.1549559873274,1.4305399630836855,True
0.4906919973021963,0.5266889238687031,0.49084325886936,75.84254004227274,26.765493626906153,51.10619944195256,1.4017696419622685,False
0.5489723391179491,0.49895034528509113,0.496663218159539,84.51282815249344,24.442824831986968,49.89916230588886,1.412167692282026,False
0.5045118135942862,0.555401219772081,0.5089787774121948,78.84048347645881,26.48300933059986,48.50080947154511,1.4436052511941757,False
0.46981947855500894,0.48663492435797684,0.5019342324443036,78.50596401590019,27.988807962341905,49.84278664826759,1.6103877343316257,False
0.48547297781401244,0.5789714619451217,0.4637107694392638,82.12097563548888,28.727263765249937,48.645021571521134,1.5148089419798276,False
0.5347433262050021,0.5473871643719214,0.4718199381854374,74.72880276767147,25.816598247721373,53.74067514660416,1.4997596159081146,False
0.49783969635259,0.43885626394466437,0.4611595557283728,78.20097215167462,23.122365683447143,47.01255381562931,1.6754933071647242,True
0.5230230418745873,0.4740802769096055,0.5190551540504591,80.86591562571154,26.365822737863617,53.73403874221036,1.3452696011061636,True
0.4951614286500197,0.512403047096711,0.5332454845021255,76.5517694334539,25.621176214265343,48.126963830860326,1.4270397530192591,True
0.4882367554060353,0.531126198327737,0.5219792023164673,70.91120269337449,30.078223574840536,52.545292646615856,1.4136117039410234,True
0.4745961884579479,0.5213287990461047,0.5165015629707366,78.84986361463842,27.141511159402675,52.27036603996095,1.589295387010877,True
0.5627716182705638,0.48911484318681026,0.5145950493147861,76.04999225752962,31.348984866695076,45.784430459589274,1.5257975981221181,False
0.52323902160288,0.5210092963822698,0.4983269276702688,81.94474336075214,28.39789629359299,51.868133671700804,1.643633540570598,False
0.5072588681469811,0.49283155859400773,0.562257826178758,75.84953303819158,26.461715300425404,51.64665150595209,1.371283643141575,True
0.4789384071836794,0.5143693947723917,0.5218288863091094,79.309679412473,29.244414288086805,49.87152985606527,1.4905541285557997,True
0.4787699160314366,0.5055450837108462,0.5125705702809814,80.85862364160882,27.158476412637892,47.72515379333723,1.4287779236350948,False
0.44243686354102874,0.5196309696906217,0.4942795279770996,77.12456619325337,26.911771995771616,51.954565974018514,1.3838216156087637,True
0.5067227744543125,0.5085759617217471,0.49918086381470206,81.09763861302497,26.928397073895404,47.484242604658306,1.4474120324104796,False
0.5027528232960651,0.45564241262660476,0.5450227937190293,75.79622526960586,27.721107448638,50.84190921347041,1.5234024454353148,True
0.5138631042278982,0.4528932584032863,0.5042515074091971,74.03993246633789,25.82834974222963,49.14537351989099,1.6355442801105495,False
0.4721920858526575,0.4827308652128668,0.5167498073756517,82.91989358811418,28.873477103467017,51.888588752665434,1.4761889563687947,False
0.4857516406651713,0.5056030029343124,0.5010225040477768,80.92559288934729,26.202431903353745,50.72396580475034,1.5441307151699246,True
0.510849080751429,0.44387624236922435,0.48596896396064326,73.31236242934037,30.84549627219988,52.575353349969994,1.522526411724755,True
0.4822528583349251,0.4856375413500957,0.4997264301006739,79.5261750696898,27.633606762559225,47.500831828997725,1.5361661061247016,False
0.46406366322233455,0.5134312568005195,0.5201954405380987,78.66971674238748,28.94400454183855,46.681119462765096,1.3828345652682439,False
0.45177550296316316,0.49221225945909186,0.4954983323890242,77.76107582626285,28.346683328740816,47.457098214142746,1.490090569975873,True
0.4569241354646168,0.48312599672317197,0.5182741436272154,83.08515312129227,27.025542871772895,47.76026496037928,1.41270389095463,False
0.5154514305891814,0.43754211776348834,0.4579218418460092,77.60209876085229,27.373883938953693,48.9457572928588,1.5900398588395064,True
0.5069676109148301,0.4668042227377499,0.46030730619777505,76.94050112156793,28.461401811437366,53.091741756872175,1.4625177943378194,True
0.48201874931138683,0.48819983563017916,0.5160995825758186,76.99854153073197,28.353641744278796,48.72729099980587,1.5569760357198648,False
0.5371344893592038,0.4754919298703829,0.4802931716308581,77.11355904591252,28.1386886740725,50.86198671320903,1.4595602576816038,False
0.48591576842195144,0.5014556488383448,0.53148658145958,78.26522065887555,29.31849133686481,45.946776901375934,1.6082691053887073,True
0.5435343082338513,0.4586204231595642,0.4588429657120593,77.07589714744277,28.320036451705576,43.73891894419379,1.6450927548279213,False
0.48660455143798936,0.4891710150254276,0.5031612651843788,79.76008140442582,24.803751296232505,46.949950614270506,1.4590313407370503,True
0.5456908956922407,0.5168890771007171,0.4805918966688328,77.98987662776715,27.38407694072192,48.16328979647675,1.6887687657340191,True
0.448252465024609,0.48269686008295004,0.5520789140949575,77.7519579424719,29.658949683863497,49.6236372199913,1.4416400673653995,True
0.5093272269679401,0.48130578420725706,0.46489660921821924,76.06131807046859,30.119872768093245,48.35519361522477,1.4480603628173874,False
0.47968514865463663,0.47696607304687616,0.5447217841054985,78.86137249560548,27.28594159838678,49.17802075451209,1.5574071220894001,False
0.4539765748779313,0.5074815105113226,0.5136766331624483,79.91415330432227,25.754910387511174,47.80713117285358,1.6991553302204734,False
0.5003069918305876,0.529176633488802,0.49050774650915596,78.58382236571173,28.06830483497605,45.35414510340876,1.5721135362545582,False
0.5259726558251037,0.500782731506325,0.469557298079214,81.48563490782458,24.8715167765779,51.67441854355552,1.6058728529883879,True
0.4912491875062017,0.47287050124686775,0.46931622304404785,74.64114770013296,27.016727628735904,46.607334694022256,1.5034441011705841,True
0.5162768013075789,0.4750714965076689,0.48394294365318297,82.43259024316579,29.875140275253116,46.03262612976929,1.4528875348182122,True
0.5406161712249624,0.5044014105929997,0.47085157884468043,82.79594151151414,25.992085255837004,55.17408994928333,1.648911310832829,False
0.46015441853304706,0.5301887842764332,0.5067335545567991,74.49024949286914,27.948851375616012,46.26284787066085,1.4037267434715388,True
0.5317136667865675,0.49390863841871024,0.45270823529047255,78.9053756994584,27.981399357722772,48.30567798748717,1.4663745261318928,True
0.4806464073618463,0.48945459547876075,0.5103951164519215,76.41284196796111,29.852430804483184,49.29613829012776,1.569272275511686,True
0.4727183763561578,0.5141440507140799,0.5356109091668114,73.6851660650479,29.569208575796047,52.367170062126554,1.4387833082845178,True
0.44860596412727366,0.49498645759049437,0.4595862113141091,77.2236118119987,26.156280373749375,43.747661181504235,1.5505589241835875,False
0.4757510514393455,0.5356517982034426,0.554780291406408,75.58238980051144,28.52056101316577,49.43801294478087,1.4271727797593388,False
0.5506142490521769,0.4933710747851101,0.45423031056289714,76.07555521433115,28.05077684108482,46.60938882597823,1.40754358856219,False
0.49134024083239586,0.5141424666915921,0.5117541201620764,77.24986045620314,28.286776934684504,49.308426124459245,1.2871265905585187,False
0.468268672131323,0.4636695140071263,0.5194158781910823,77.55719224110399,29.010940318333255,47.24394046554172,1.401770596574532,True
0.4990191575571772,0.5261737198484043,0.5352042157245598,76.82505429773462,30.762908157380974,48.60051386231541,1.4385877434991683,False
0.4955882785549358,0.5070264419760956,0.4898874208664588,79.08451057561831,29.15041003221313,49.100485411175356,1.3657872251514884,False
0.5051410484356991,0.4661087943602715,0.4862334721139318,83.31675479000923,27.18143512377379,46.224485267973996,1.5156972960968433,True
0.5029895409526293,0.5016717473686608,0.49807584960221024,78.20356653158221,29.430762630882487,48.670867936614556,1.507268052432934,True
0.5187235945115647,0.48739439548712427,0.4637091577147668,77.70423560314721,29.391075515131554,52.85434783117426,1.390783636728191,False
0.4742852733075115,0.46612844686348315,0.541760068590338,77.92741318082726,27.285109154379146,49.09386350153041,1.5522142545933937,True
0.4845839924798992,0.49863241950933507,0.5371484921430091,81.3781507523165,26.432468668827205,49.43931152551404,1.4612300083591439,False
0.4362831282707058,0.4853168167244533,0.5647192463979651,74.29695338436024,28.687575763099773,48.17940446642847,1.5212574030632215,False
0.517126715320795,0.5063305240160786,0.46268410293826145,81.32124200786092,25.499184532060564,47.544714002174,1.6183493666889928,True
0.5694397570002052,0.5092340530667617,0.46437204742911464,79.53931739452825,27.283319695957555,55.86247230125086,1.3949859260397854,True
0.5326685179090209,0.4944804999094196,0.4961053790079972,81.2579463485251,30.642608064546025,50.011087015543545,1.401212665909925,True
0.4858688508314503,0.5049935662463917,0.5284866240632398,78.4795691759922,23.69331416025751,50.65032669128789,1.4035294574249284,False
0.47042821860993367,0.4624538172742867,0.5072225953846571,75.28280309741214,27.86564341990129,51.40001294589824,1.487234531848181,False
0.4795992583526453,0.4919333392833551,0.48083114756931494,78.583152904732,28.041772976591922,51.53237626558278,1.2093011780678358,True
0.5149014245903369,0.5277853264259492,0.5419806630975801,80.33508322849991,26.649643450051236,51.711838991658595,1.3092192442122608,True
0.45455458325942405,0.5133278993445812,0.47094966635409097,77.22328507888777,29.17710653954144,51.837406382040804,1.6829620201716087,True
0.5161673013105398,0.49156699121342134,0.5601827866447737,81.21045071494929,29.626410373495954,50.23244155555659,1.693515404006023,False
0.43924572240027177,0.5076808920294162,0.5503310244222932,74.83895274256093,28.02854613567287,48.994586656485644,1.60074439731952,True
0.4847917047388661,0.5114722923855215,0.5357193882435902,78.27853470342335,26.947930314664838,46.49666134619619,1.623000057271915,False
0.476224377847019,0.4447737730600506,0.4886261677703754,77.68665234438758,28.211788906230467,51.24459650108573,1.5012499321907251,True
0.5526602252732962,0.4692045410176682,0.5321752201192941,80.2437307683526,30.339179984855548,52.23501593863185,1.4922778954776954,False
0.47275927773436366,0.5029799691628768,0.4903895807541704,74.92743952701238,29.270836060418453,49.31060110827442,1.4548841141591,True
0.5103934462849092,0.5337969508864328,0.43539829659188856,78.9773889497465,31.322940331456035,54.5578517709253,1.4630792799552554,True
0.5020255544423032,0.5058226997869493,0.5152350726886887,76.58372826690862,25.347055743377833,53.88761534558904,1.4467831436872811,False
0.49942951376291933,0.5426151274396956,0.48270468797819843,81.00174695412893,30.4238879707728,53.653877456916675,1.4406188591931295,False
0.5133145828443868,0.47424926659456357,0.47884964432724775,82.83683477396593,22.791572286745733,46.60815399518742,1.6186734620177332,False
0.5589417539874917,0.5192816827960263,0.49584632048048677,77.83531799815114,28.151910535832176,47.52645751541698,1.6695722877810866,False
0.5178547107631074,0.5422804232055674,0.5158907826307019,78.2305556488763,29.557873007024227,52.53547391355296,1.4095931710264,False
0.5392142826284728,0.5500706457586818,0.5412712043993486,82.23666166624629,28.101775403712036,49.34586231382288,1.2872772579648504,True
0.4214076468773077,0.5248821674355046,0.5298880045834142,79.39928994730057,26.7646962091313,57.86237927308993,1.426696700447601,True
0.44120989628360674,0.48846333367310524,0.4560687535937054,76.40189748101426,26.982072748585004,52.75536333182724,1.5170463770996572,True
0.4585160080710699,0.5171774834406847,0.5177758084760355,75.76529206558065,28.680102589137782,49.534222853525755,1.4643326865820128,False
0.49963259681459254,0.4596664846689717,0.5459225249703109,80.12464326976968,27.412066104671634,44.88838523951984,1.5913771621385586,False
0.5014094178129422,0.538353555878219,0.521568599319952,79.10892657659429,27.456689779347894,50.98852620671903,1.4901154798760694,False
0.5269879962629975,0.49881334538430033,0.527572294489633,77.04283819300015,28.836796441777366,51.7193834397236,1.6676393027208203,False
0.49072362872446357,0.4870232543654114,0.5351818705777809,75.59046314795897,29.748778361425455,50.010126519791484,1.5204389031602976,True
0.4836685182642445,0.4771022253037245,0.5518262951030213,76.88337967178684,21.96097568835835,52.765404505931755,1.3130258300304578,True
0.4718036064101793,0.4792427579035627,0.5175909205626528,77.91221155894506,27.531184399367355,41.02659208729783,1.419503351914744,False
0.5290593497159867,0.4856702765970465,0.49888333290470477,69.23594854951618,28.600948719221655,48.62809503473963,1.5759712295484167,True
0.4989586469088427,0.5032818438381468,0.5721024675571482,78.89625872509706,27.542800169319964,47.797478603664516,1.480573086802148,True
0.48996496292477154,0.478227685605396,0.4632817919971323,78.71510694820435,28.208711875046426,49.1101776227906,1.5771920154836676,True
0.45753887773848756,0.5227096584993606,0.5299403032957896,77.45131067668548,28.752819052195033,44.37034188187438,1.429310743201265,True
0.46038630160747174,0.49837115400446563,0.4567984735221712,80.95718998703958,26.343005950439508,45.78329894246407,1.4287826135823956,True
0.5618224377464596,0.5322089524957931,0.516148882371489,72.06210056887264,30.094635413242898,47.84350283717381,1.439264556678779,False
0.4790082347602224,0.5058956350910441,0.49372930228141926,79.56336728513801,28.964497905361313,48.41306687580796,1.5156693728246524,False
0.4925310755456278,0.5039890902244063,0.48905141811371344,74.78177092278058,27.541218511863946,49.415908111649955,1.542584365862983,False
0.5383303046569553,0.5473235983929042,0.5649500703470325,79.50253342483337,26.164994357971473,52.27376554977086,1.4167938695150144,False
0.4992045837365235,0.4983324598726864,0.5065229861953917,73.31042757391003,27.67441418785541,46.58694298872555,1.4716861103256234,True
0.47921271214218036,0.5315945855999871,0.49703331040426574,75.74409200478354,29.045028210531516,47.454714097427555,1.3924687606950763,False
0.5153980229934007,0.474317485222734,0.49410950452745067,78.25843164913913,30.90493506894149,49.809426276153935,1.514358793650516,True
0.5439694630676466,0.44991784156635883,0.515685064641065,81.66310108657606,28.119865260532656,50.52563425672554,1.620026174973883,True
0.4954464471489325,0.5250176646364672,0.4449138388069011,77.07237276885041,29.56678101856519,47.69001180140763,1.466987990603355,False
0.5034702390287857,0.5055982736946908,0.5080577683658977,76.13745720524665,28.681178432800994,52.00596441427372,1.5207802507353314,False
0.5077265117216829,0.44663839253287163,0.48128693117912585,78.96923781934808,27.342763048502032,52.69119859066139,1.5450603412862538,True
0.4639911077883267,0.5155297706140737,0.4805216736480198,75.21794059742828,31.23442514993725,42.41131976691709,1.4827198262603536,True
0.4765024012299129,0.5246951175188574,0.5356841146677392,75.13463226195194,28.203712590523974,50.57190677379507,1.5951549770574043,True
0.5109979473829055,0.45423424487225783,0.4841414995475073,79.13130118170656,28.588448258026986,50.2556283489017,1.4888491172857057,False
0.49191779496666327,0.4565595829875127,0.5258142046507923,76.60406862965984,27.952895698251524,47.33227751531503,1.5522250636017778,False
0.5099694203593877,0.49714113402839144,0.4806944530885957,72.59682679754178,30.035322933687006,52.056523216370614,1.4449884717063461,False
0.48308826341588074,0.49358033467323476,0.5051124866712646,77.37564942818238,26.679357721053105,49.522864368799844,1.6796360822926963,False
0.44710879533911796,0.4818804443985254,0.5414027406244235,81.68079967165292,28.31038136771796,56.265328318609775,1.6197246923645228,True
0.4724172729729859,0.46963686874219496,0.49267530094128054,76.99567400368038,27.29191857811795,55.09987212372914,1.504132563227062,True
0.4773879150692753,0.5327452055576738,0.5256024667634093,79.64020070460414,28.93271674889267,51.876892800938,1.4584033072052642,True
0.4967890892013633,0.5102817603913311,0.5226002486331359,71.59297735806392,26.839893517259913,52.79657469278116,1.6088769654216672,False
0.5224188081536979,0.5028836233082296,0.49475120729913774,75.87477969926861,27.232057456095298,51.04940007370372,1.5216624975404618,False
0.5007353052277683,0.49469158317517853,0.4948116182022973,74.68288599454219,27.688203644126666,48.088076758913616,1.4922556539274006,False
0.5098625332897906,0.47450466891605625,0.5071636747707954,76.89891648275004,27.704439362365058,49.39105808781303,1.6218970789793663,True
0.47513014967233785,0.5281485141792799,0.47995728639070856,83.70357205725902,30.103895235445837,50.55150354896751,1.5338552876285914,False
0.45655746975508027,0.5086750593172346,0.4233823659529414,81.7971235225941,27.04232508798319,48.23339951978391,1.4715615350393492,False
0.5410589467259704,0.45430439285648677,0.44100930231871993,75.24184622524074,29.02850951203567,50.75672118928003,1.6063940987560856,False
0.48971856450419693,0.5260881776031698,0.5626512411434218,76.0621074626264,26.26067383745061,48.09391283352311,1.664948089432392,True
0.5247624904696409,0.543409336530612,0.5417062264705194,82.83666188476627,28.460141518382805,55.216554055559996,1.7086047049537114,False
0.4864980358556227,0.5057329720405971,0.5298814305741745,77.67809356798732,31.346904180597075,45.44847890998496,1.5435975389500045,False
0.485842044026317,0.5051259631438383,0.49444137023366874,75.19368389386621,26.701253923357147,55.887761571592385,1.52837510236615,True
0.5317527346054877,0.5469657208770302,0.4933623912924268,81.30287890499571,30.248706719741005,54.73435417268655,1.5444198327290672,False
0.5234546861533194,0.4918182929075699,0.500467371427444,79.28492129162295,30.979726877204165,47.64571427561689,1.5470044187368202,True
0.5026114120471451,0.507068436743257,0.45330254304020745,73.15460455228347,29.231542299542284,54.39253171625731,1.5775155494034783,True
0.5142149876273536,0.4992762473866999,0.5675730741603293,81.95279260682388,27.36456980648753,52.670742502509526,1.510940847183297,True
0.5442606865084866,0.48333568642519237,0.4459405868725994,83.32593267782853,29.234011899153394,52.50000173534092,1.465909212265392,False
0.46797138711852215,0.45920431577060244,0.45734567999774467,73.2873715437945,25.400837526144805,48.75141678534424,1.5682069490062631,False
0.49673719554629425,0.5464251560399018,0.5035874110524245,80.38046616165664,24.95528162756422,46.69312355049073,1.320610750213211,False
0.4518066103922728,0.4709907157061236,0.5518089155370022,76.1198483262301,31.985030706336236,52.197476308339404,1.463868943803271,False
0.5286542696150371,0.510561661895429,0.5510664483390572,81.78576450214197,26.33635558353911,52.33222205829353,1.3744864628026605,False
0.4641138012775799,0.4902192940349648,0.447808586636657,80.65213618908315,27.793556494135007,50.76615126702295,1.447066788755163,True
0.49422917105656633,0.5733725593885048,0.5045125671543073,77.45856025922812,29.481648690840252,51.79638316868573,1.5388978729352183,True
0.5335872473430373,0.5228124396843289,0.4868762509902977,79.2211568613736,29.385837246063222,50.59943130115614,1.6386349397262843,False
0.5142077729190554,0.4871935679015774,0.5136060290454194,81.08988245274348,29.183628267482757,50.933926020328656,1.6494938227453235,True
0.524375774671826,0.5360364176649184,0.48912677175790603,80.2105316912773,28.530724698799258,47.313961032910925,1.3485529690819233,True
0.5036088689513569,0.5193645254342323,0.4903196048347359,74.41822498080283,29.622793108983185,48.64996142601256,1.4777525103221734,False
0.5115219634681792,0.46159086803987315,0.5198864380600223,78.92415161851231,31.499167808410842,52.989711531738344,1.5145521197768241,False
0.5064937576874593,0.47064881667154906,0.45890591061262764,76.9520496116454,29.58125119832554,55.05504283612553,1.2974192126888622,True
0.5198639202356314,0.45993966923869695,0.4954259049085837,77.75068328211391,26.64487069532869,48.0507043194552,1.5030031479164083,False
0.47574519191320436,0.5054559876517548,0.5114580635669466,79.28644950099172,26.898926301016832,53.28940770143265,1.4814154247807252,True
0.496162472255577,0.523574004759525,0.5216714407348332,75.08502979637615,26.788278358482213,50.79206024400101,1.469781941301738,False
0.5493490314050385,0.48661449700355663,0.4764530506075328,77.9438737306623,28.60763719120975,52.73408816652417,1.4282983850872064,False
0.5190175706695404,0.5141779244723913,0.549173504163322,73.15106817469024,29.46152823813305,48.40708730656411,1.5189479821221081,True
0.5237498808188881,0.484314199185402,0.49567737332835154,82.23279713923881,27.225800595051197,49.8139879719019,1.4410728348210693,False
0.47840467374815876,0.4760931423358857,0.5265097981246002,79.40632276822507,30.242061334648945,51.298879476082085,1.2950058721422522,True
0.49768694871757685,0.48971937217758954,0.5031260331185563,76.82472555286853,27.360304953490314,50.78132679000067,1.3682868080053414,True
0.4309423650579325,0.47956845027575357,0.48170651287041855,69.17883409600717,32.72774498923872,49.794097861743595,1.4919121502134538,False
0.5353789155219147,0.48660699156348414,0.545854052792376,77.49556854424563,28.781391841856287,50.294202618616836,1.3707374652847737,False
0.5227252313014191,0.5540282129873244,0.5118401458946894,77.54618014903946,28.075875670895204,48.28894590075896,1.5131927966771956,False
0.4831313741227708,0.5226617367747727,0.5059373235038794,77.63475747485015,27.612347722454395,50.98363857247807,1.6038378851019317,True
0.5089095401969956,0.5208861909444026,0.47459115955045017,85.76869092605584,24.713622377691664,52.706831521359945,1.4103357772684793,True
0.4939342204269832,0.4731617809334149,0.5142409469863986,80.68511494222835,29.775310851747673,48.35137917621339,1.4999686327388226,False
0.5073489971332616,0.46631833935313105,0.5131081450923904,76.35382527677712,28.9840376959856,54.43080327835482,1.3973630792334109,False
0.5064193973220267,0.5212701127276553,0.474484386373721,79.93564675785017,25.524675155345406,46.83032707171924,1.6023530644185344,False
0.5022741367458118,0.469875776997438,0.49359671387209375,80.85940990173974,24.96425250663838,54.68866630552459,1.6589838978180684,False
0.5254880629106308,0.4616975427253907,0.5251547232335493,80.0140202293514,26.383468556718146,47.219905073458065,1.5338023481101708,False
0.44037293256197324,0.5343126212962078,0.5255066522634048,75.56924268895686,27.099621470297176,55.2758614525854,1.4751471381925552,True
0.5569037894796184,0.5451197896574806,0.5169172736015708,76.48567523631534,25.48484428217077,46.30243005569447,1.5158053489920131,True
0.47028391024607935,0.4703118553922426,0.509079063957171,76.65803431302375,25.638374369382312,54.21010991037557,1.3090643912492708,True
0.5078316581653967,0.4706370885265308,0.4400539794640368,84.1724864091351,25.85628553391969,50.63385107683842,1.5583544303011887,True
0.5001534036992739,0.48667120219771665,0.5274898302410744,78.06238112302623,24.89248246796787,53.600236869280586,1.487048275313656,True
0.5154331650217625,0.5648976416991638,0.4924750095063486,78.42882928429113,25.703473422494763,53.77144765058772,1.7046862195719559,False
0.5062659078501427,0.47418759904148144,0.46322703010992977,79.54080031970915,28.784831934357534,52.92745015803413,1.4657450799142235,True
0.5003900567563372,0.4666827246360251,0.4492112955741384,81.65147556247649,24.78467794576388,51.048950141899084,1.3533214809384324,True
0.5657136687742994,0.48466352970706444,0.46560963820943935,81.24014419714395,29.09423823035042,47.41673626947929,1.573965315172467,True
0.563664685910379,0.47072380241068,0.44018793072285634,76.03777295061772,25.097648619896884,48.60258329264551,1.5638660168643101,False
0.5816050749976885,0.5381466528498248,0.46689232048352686,76.70513906184586,28.013599689119996,49.209655351753256,1.5515628088443956,True
0.5656940879965302,0.49950731311781743,0.48183153380789406,72.94968542333714,27.173069677753446,50.87657818497912,1.5505965553455865,False
0.5112709405503701,0.5014425483998415,0.5036009398015479,82.62973058481657,30.477892705878876,51.82055177964701,1.5449218721285034,True
0.5001573109915455,0.5008623446880445,0.5355711246398899,81.51937391275992,26.90663983082547,48.290501215283726,1.519548173155329,False
0.508429756032051,0.4978950286562406,0.4668990018147838,78.95752353125754,26.804979610616716,48.63163751757744,1.4372266093915493,False
0.5141971287372064,0.49279023805525596,0.4705253781938507,76.60614810810482,25.15208569509971,51.40780276942558,1.3803211353573688,True
0.4973263988146163,0.4970247240866185,0.4610950415613246,76.97042317350777,29.37941561049039,49.42849068200657,1.6588626928043597,False
0.45777608676870335,0.5736590041973268,0.5280295973371782,75.4014754553565,26.274448471913757,47.4882127068509,1.659058207261785,False
0.5024562241815896,0.49829163128836795,0.5643544738332016,76.69354088829047,27.505948598508006,50.370643087866746,1.5721479323757344,True
0.47373145239845726,0.4828646303065161,0.5307218757743438,77.51079910816871,29.580743792103423,51.00252925173469,1.4816849528946705,False
0.5246570751312567,0.43366594072976344,0.4851873025051606,77.89307555310755,27.3678542879459,46.66409892267751,1.6818061922557825,True
0.4903584247504102,0.47004937877783626,0.49092590940535613,78.32567911732957,28.09954737436192,54.87787674608619,1.4851030690232703,False
0.4705547404685615,0.5186542988665159,0.5363929309993755,75.77258824290585,25.825508122274396,48.526538758573686,1.4083725899436275,False
0.49833356903310144,0.48307764107789813,0.5220463335814945,78.29394946041269,24.78684579852264,48.822586681817384,1.5292715482141854,False
0.5075147855103763,0.5554686828483604,0.4702582295163108,79.73889951964073,27.648291191135858,47.27673145955924,1.5841983695452126,True
0.519541737539174,0.5119740834305622,0.5268477313083333,80.54226503145127,27.09581933433384,45.80208147559418,1.652323862171226,True
0.5645954737253467,0.4990061908137861,0.5441351098248083,81.93092623835882,30.234797631804923,49.9068232013873,1.3317341305877315,False
0.47105229618259686,0.4832323445818524,0.5616862138982097,70.40913743176101,29.144114883428287,49.65131287063412,1.5252568845996624,False
0.5097225190818439,0.502597693624187,0.4812331189547141,77.69953777056014,29.65019652933527,45.24205006328613,1.3628326302769533,True
0.5064228123239061,0.46756810017200306,0.4819589706814636,80.61389189237173,32.04861924657371,49.882078137117105,1.7281651836538843,True
0.5013671551971144,0.5122475826714341,0.49735153854946235,77.9417411823368,24.059792364576328,51.688642580523066,1.3929147581315562,True
0.522769076614798,0.5330990564604956,0.537432262180212,77.72840015308752,28.5317564593041,43.699920477045126,1.678179890877106,True
0.5205815437999531,0.5113163562519356,0.4669037490283495,77.14198733435967,27.87561796600138,50.64413954951158,1.6384532047593907,False
0.45564434028897716,0.4258506649961813,0.4948211810017754,76.19336381891466,26.3551601352356,57.280149459036565,1.5714609790636618,True
0.5287781247825563,0.47807209880174245,0.45159315806369776,80.33898159680803,29.00356547233509,48.2461468080284,1.6807196643637885,False
0.44260159266026605,0.4727730901387521,0.47932436545731294,72.40039014878082,26.12019379778227,49.235132619338906,1.360288181488701,True
0.5055936294430828,0.5294807295183654,0.48339235274876013,74.79659123526243,26.09212116120671,51.027013503468865,1.3745077331997708,True
0.5033276776912959,0.4458535369800644,0.513089710090221,81.26624585911256,28.36769908950739,51.448063661627636,1.461147922481699,True
0.5164129214351011,0.5376726837672057,0.5325768669749473,73.2564278939036,29.0690112969611,52.74617082668048,1.6761188124867374,False
0.4806028134727242,0.5451019490530146,0.45744902801200904,80.17528736054399,27.22573870042097,49.631873199212826,1.653019519886335,False
0.5246763473630957,0.4804449167659352,0.4855044061310188,76.60189049439528,30.12041981499776,48.747899559184745,1.5058984221589597,True
0.46289147867365754,0.41909340071175283,0.46711174739314393,77.43856720498636,24.798192043046967,48.88847570422991,1.4292374105177974,True
0.5324915372952583,0.4788696892837172,0.5036689250909685,79.90416440568531,29.439515884296362,56.03681133710229,1.5222289855800855,True
0.4488985268193454,0.507314021413136,0.5147292485491476,81.25735897481805,27.126471525523566,45.0815475124237,1.3711692382536462,False
0.552963627208433,0.4816544659102415,0.5070135773537224,78.56874484979623,27.621759218445934,51.15896995343468,1.522899639245934,True
